{"cameraMode":{"drawMode":0,"name":"Shaded","section":"Shading Mode"},"sceneLighting":false,"audioPlay":false,"sceneViewState":{"showFog":true,"showMaterialUpdate":false,"showSkybox":false,"showFlares":true,"showImageEffects":true,"showParticleSystems":true},"in2DMode":false,"pivot":{"x":-32.62245178222656,"y":368.75,"z":1460.5755615234375},"rotation":{"x":0.029557010158896447,"y":0.9659814834594727,"z":-0.22261479496955872,"w":0.12825532257556916},"size":10.515898704528809,"orthographic":true}