{"cameraMode":{"drawMode":0,"name":"Shaded","section":"Shading Mode"},"sceneLighting":false,"audioPlay":false,"sceneViewState":{"showFog":true,"showMaterialUpdate":false,"showSkybox":false,"showFlares":true,"showImageEffects":true,"showParticleSystems":true},"in2DMode":false,"pivot":{"x":0.00001054202948580496,"y":9.999990463256836,"z":-0.00002632959876791574},"rotation":{"x":0.4130801558494568,"y":0.4787193536758423,"z":-0.2727067172527313,"w":0.7251399159431458},"size":0.00005628889994113706,"orthographic":false}