{"cameraMode":{"drawMode":0,"name":"Shaded","section":"Shading Mode"},"sceneLighting":false,"audioPlay":false,"sceneViewState":{"showFog":true,"showMaterialUpdate":false,"showSkybox":false,"showFlares":true,"showImageEffects":true,"showParticleSystems":true},"in2DMode":false,"pivot":{"x":-3.27111554145813,"y":-5.924137115478516,"z":0.16793251037597657},"rotation":{"x":-0.0012928919168189169,"y":-0.9861438870429993,"z":0.16572751104831696,"w":-0.007698085159063339},"size":19.73183822631836,"orthographic":false}