{"cameraMode":{"drawMode":0,"name":"Shaded","section":"Shading Mode"},"sceneLighting":false,"audioPlay":false,"sceneViewState":{"showFog":true,"showMaterialUpdate":false,"showSkybox":false,"showFlares":true,"showImageEffects":true,"showParticleSystems":true},"in2DMode":false,"pivot":{"x":-2.690000057220459,"y":1.590000033378601,"z":-0.6600000262260437},"rotation":{"x":0.7912784218788147,"y":-0.000917182071134448,"z":0.001186925102956593,"w":0.6114544868469238},"size":0.000057235301937907934,"orthographic":true}