{"cameraMode":{"drawMode":0,"name":"Shaded","section":"Shading Mode"},"sceneLighting":false,"audioPlay":false,"sceneViewState":{"showFog":true,"showMaterialUpdate":false,"showSkybox":false,"showFlares":true,"showImageEffects":true,"showParticleSystems":true},"in2DMode":false,"pivot":{"x":11.86400032043457,"y":9.778966903686524,"z":-22.748085021972658},"rotation":{"x":0.3067891597747803,"y":-0.4187493920326233,"z":0.15276476740837098,"w":0.8409498929977417},"size":3.908212661743164,"orthographic":false}