{"cameraMode":{"drawMode":0,"name":"Shaded","section":"Shading Mode"},"sceneLighting":false,"audioPlay":false,"sceneViewState":{"showFog":true,"showMaterialUpdate":false,"showSkybox":false,"showFlares":true,"showImageEffects":true,"showParticleSystems":true},"in2DMode":false,"pivot":{"x":2.704740524291992,"y":-22.525358200073243,"z":-14.90900993347168},"rotation":{"x":-0.03683868423104286,"y":-0.9145177602767944,"z":0.3936786651611328,"w":-0.08557882905006409},"size":48.37354278564453,"orthographic":false}