{"cameraMode":{"drawMode":0,"name":"Shaded","section":"Shading Mode"},"sceneLighting":false,"audioPlay":false,"sceneViewState":{"showFog":true,"showMaterialUpdate":false,"showSkybox":false,"showFlares":true,"showImageEffects":true,"showParticleSystems":true},"in2DMode":false,"pivot":{"x":10.64086627960205,"y":-4.749053955078125,"z":-0.616425633430481},"rotation":{"x":0.6690236330032349,"y":-0.0022297136019915344,"z":0.002007083734497428,"w":0.7432354092597961},"size":1.118731141090393,"orthographic":true}