{"cameraMode":{"drawMode":0,"name":"Shaded","section":"Shading Mode"},"sceneLighting":false,"audioPlay":false,"sceneViewState":{"showFog":true,"showMaterialUpdate":false,"showSkybox":false,"showFlares":true,"showImageEffects":true,"showParticleSystems":true},"in2DMode":false,"pivot":{"x":-0.6825766563415527,"y":1.0102038383483887,"z":3.263646125793457},"rotation":{"x":-0.0011646626517176629,"y":-0.9980325102806091,"z":-0.01946381665766239,"w":0.059647250920534137},"size":6.728334903717041,"orthographic":false}