{"cameraMode":{"drawMode":0,"name":"Shaded","section":"Shading Mode"},"sceneLighting":false,"audioPlay":false,"sceneViewState":{"showFog":true,"showMaterialUpdate":false,"showSkybox":false,"showFlares":true,"showImageEffects":true,"showParticleSystems":true},"in2DMode":false,"pivot":{"x":0.38000059127807619,"y":-8.193671226501465,"z":0.0},"rotation":{"x":0.2983633577823639,"y":-0.10282612591981888,"z":0.03235020115971565,"w":0.9483479857444763},"size":53.459293365478519,"orthographic":false}