{"cameraMode":{"drawMode":0,"name":"Shaded","section":"Shading Mode"},"sceneLighting":false,"audioPlay":false,"sceneViewState":{"showFog":true,"showMaterialUpdate":false,"showSkybox":false,"showFlares":true,"showImageEffects":true,"showParticleSystems":true},"in2DMode":false,"pivot":{"x":12.499999046325684,"y":1.0,"z":-0.0000014901161193847657},"rotation":{"x":0.07873449474573136,"y":-0.7010484337806702,"z":0.07835590839385987,"w":0.7044124603271484},"size":43.718746185302737,"orthographic":false}