{"cameraMode":{"drawMode":0,"name":"Shaded","section":"Shading Mode"},"sceneLighting":false,"audioPlay":false,"sceneViewState":{"showFog":true,"showMaterialUpdate":false,"showSkybox":false,"showFlares":true,"showImageEffects":true,"showParticleSystems":true},"in2DMode":false,"pivot":{"x":0.0000011920928955078126,"y":0.04188895225524902,"z":-0.024689435958862306},"rotation":{"x":-0.03683868423104286,"y":-0.9145177602767944,"z":0.3936786651611328,"w":-0.08557882905006409},"size":26.128042221069337,"orthographic":false}