{"cameraMode":{"drawMode":0,"name":"Shaded","section":"Shading Mode"},"sceneLighting":false,"audioPlay":false,"sceneViewState":{"showFog":true,"showMaterialUpdate":false,"showSkybox":false,"showFlares":true,"showImageEffects":true,"showParticleSystems":true},"in2DMode":false,"pivot":{"x":-1.951589822769165,"y":0.8555772304534912,"z":2.525576591491699},"rotation":{"x":0.2064846307039261,"y":0.08646051585674286,"z":-0.018322201445698739,"w":0.9744524359703064},"size":27.113237380981447,"orthographic":false}