{"cameraMode":{"drawMode":0,"name":"Shaded","section":"Shading Mode"},"sceneLighting":false,"audioPlay":false,"sceneViewState":{"showFog":true,"showMaterialUpdate":false,"showSkybox":false,"showFlares":true,"showImageEffects":true,"showParticleSystems":true},"in2DMode":false,"pivot":{"x":0.37469053268432619,"y":15.107684135437012,"z":0.5487289428710938},"rotation":{"x":-0.0011646626517176629,"y":-0.9980325102806091,"z":-0.01946381665766239,"w":0.059647250920534137},"size":27.587738037109376,"orthographic":false}