{"cameraMode":{"drawMode":0,"name":"Shaded","section":"Shading Mode"},"sceneLighting":false,"audioPlay":false,"sceneViewState":{"showFog":true,"showMaterialUpdate":false,"showSkybox":false,"showFlares":true,"showImageEffects":true,"showParticleSystems":true},"in2DMode":false,"pivot":{"x":-25.693761825561525,"y":-5.3671793937683109,"z":-2.612938404083252},"rotation":{"x":0.07324748486280441,"y":-0.7205992937088013,"z":0.07703488320112229,"w":0.6851610541343689},"size":42.118961334228519,"orthographic":false}