{"cameraMode":{"drawMode":0,"name":"Shaded","section":"Shading Mode"},"sceneLighting":false,"audioPlay":false,"sceneViewState":{"showFog":true,"showMaterialUpdate":false,"showSkybox":false,"showFlares":true,"showImageEffects":true,"showParticleSystems":true},"in2DMode":false,"pivot":{"x":6.047463417053223,"y":1.2171382904052735,"z":-1.960871696472168},"rotation":{"x":0.36339107155799868,"y":0.18405219912528993,"z":-0.07347258180379868,"w":0.9103171825408936},"size":22.0,"orthographic":false}