{"cameraMode":{"drawMode":0,"name":"Shaded","section":"Shading Mode"},"sceneLighting":false,"audioPlay":false,"sceneViewState":{"showFog":true,"showMaterialUpdate":false,"showSkybox":false,"showFlares":true,"showImageEffects":true,"showParticleSystems":true},"in2DMode":false,"pivot":{"x":8.491039276123047,"y":0.4926891326904297,"z":2.6900908946990969},"rotation":{"x":0.1873970925807953,"y":-0.6528929471969605,"z":0.17145437002182008,"w":0.7135964632034302},"size":48.21250534057617,"orthographic":false}