{"cameraMode":{"drawMode":0,"name":"Shaded","section":"Shading Mode"},"sceneLighting":false,"audioPlay":false,"sceneViewState":{"showFog":true,"showMaterialUpdate":false,"showSkybox":false,"showFlares":true,"showImageEffects":true,"showParticleSystems":true},"in2DMode":false,"pivot":{"x":-1.0845597982406617,"y":4.487435817718506,"z":0.37138092517852785},"rotation":{"x":-0.2174820452928543,"y":0.5756341814994812,"z":-0.1622958779335022,"w":-0.7713676691055298},"size":8.71656608581543,"orthographic":false}